10000001,gh_df1c4dd83359,oop0CjzuZZWVgzp1GYoZbNtNh0F0,1406337859,event,0,0,1,2014-07-26 09:24:15
10000002,gh_df1c4dd83359,oop0Cj8tM1zuAAFxVAGQOD6CWhhk,1406424405,event,0,0,1,2014-07-27 09:26:44
10000003,gh_df1c4dd83359,oop0Cj0HcaXF7dVmnvKWt2l3qwgY,1406942568,event,0,0,1,2014-08-02 09:22:40
10000004,gh_df1c4dd83359,oop0Cj6qiuFP3bJl3CW5EUBDM1pM,1407842282,event,0,0,1,2014-08-12 19:18:00
10000005,gh_df1c4dd83359,oop0Cj2OyrpZBHlWOWIgRnpwFOKU,1408013916,event,0,0,1,2014-08-14 18:58:34
10000006,gh_df1c4dd83359,oop0Cj_kegdkPyk3LUoNNdTzkQLg,1408202240,event,0,0,1,2014-08-16 23:17:12
10000007,gh_df1c4dd83359,oop0Cjw06kqmOyZyRVgr6X4CdGA4,1408594553,event,0,0,1,2014-08-21 12:15:53
10000008,gh_df1c4dd83359,oop0Cj6qiuFP3bJl3CW5EUBDM1pM,1408875149,event,0,0,1,2014-08-24 18:12:20
10000009,gh_df1c4dd83359,oop0Cj5KJOMWA5W_KJwTVhjpxvoA,1409801728,event,0,0,1,2014-09-04 11:35:19
10000010,gh_df1c4dd83359,oop0Cj9D_uUw9dSpWvxm51JkmhcE,1409839350,event,0,0,1,2014-09-04 22:02:20
10000011,gh_df1c4dd83359,oop0Cj88oIe8eqAxc4sa5O-pIhww,1409890405,event,0,0,1,2014-09-05 12:13:13
10000012,gh_df1c4dd83359,oop0Cj_0wgh5CY1Nz0RWU-Mwg9rw,1409980023,event,0,0,1,2014-09-06 13:06:49
10000013,gh_df1c4dd83359,oop0Cj4eHxZ0qiJa_LyffpoGq-o0,1410086287,event,0,0,1,2014-09-07 18:38:05
10000014,gh_df1c4dd83359,oop0Cj-E-lTYK1j3vYuApEZJYSWw,1410231194,event,0,0,1,2014-09-09 10:53:12
10000015,gh_df1c4dd83359,oop0Cjyc9hwwFl06Yn3JNSHxVsvM,1410325227,event,0,0,1,2014-09-10 13:00:23
10000016,gh_df1c4dd83359,oop0Cj_tA051EzmAwqU_yGGwRf2g,1410332480,event,0,0,1,2014-09-10 15:01:18
10000017,gh_df1c4dd83359,oop0Cj9D_uUw9dSpWvxm51JkmhcE,1410359168,event,0,0,1,2014-09-10 22:26:04
10000018,gh_df1c4dd83359,oop0Cj9KtzP6rJg1V7i7P4BU-JNE,1410404952,event,0,0,1,2014-09-11 11:09:07
10000019,gh_df1c4dd83359,oop0Cj9KtzP6rJg1V7i7P4BU-JNE,1410405027,image,6057643465279501415,0,1,2014-09-11 11:10:21
10000020,gh_df1c4dd83359,oop0Cj9KtzP6rJg1V7i7P4BU-JNE,1410409392,text,6057662212811748777,0,1,2014-09-11 12:23:05
10000021,gh_df1c4dd83359,oop0Cj9D_uUw9dSpWvxm51JkmhcE,1410409673,event,0,0,1,2014-09-11 12:27:46
10000022,gh_df1c4dd83359,oop0Cj9KtzP6rJg1V7i7P4BU-JNE,1410410221,text,6057665773339637249,0,1,2014-09-11 12:36:56
10000023,gh_df1c4dd83359,oop0Cj_vB4H2TmUK5m7UVn_MsZ0s,1410496999,event,0,0,1,2014-09-12 12:43:09
10000024,gh_df1c4dd83359,oop0CjypO9uppXjCyGQvu371kB9U,1410652383,event,0,0,1,2014-09-14 07:52:50
10000025,gh_df1c4dd83359,oop0Cj-kxLk24YuMJz3l4Rd81cmE,1410855522,event,0,0,1,2014-09-16 16:18:42
10000026,gh_df1c4dd83359,oop0Cj3ZyRRMDOXx8vy3LOMe10aI,1410895894,event,0,0,1,2014-09-17 03:31:33
10000027,gh_df1c4dd83359,oop0Cj5uBeJ3eGy9ipGne7eWZKk0,1410903366,event,0,0,1,2014-09-17 05:36:06
10000028,gh_df1c4dd83359,oop0Cj5Sghu5CM-fM66OGUJiuRuE,1410909747,event,0,0,1,2014-09-17 07:22:27
10000029,gh_df1c4dd83359,oop0Cj4zvgBBf1YwK3gQiaUefj-U,1410911130,event,0,0,1,2014-09-17 07:45:30
10000030,gh_df1c4dd83359,oop0Cjzf_mEVfaD53SnSb-pQZy2Y,1410916108,event,0,0,1,2014-09-17 09:08:28
10000031,gh_df1c4dd83359,oop0CjwiOMJZ750HWezULFSC7kfY,1410941847,event,0,0,1,2014-09-17 16:17:26
10000032,gh_df1c4dd83359,oop0Cj5pEJvUnFHq9meg4K2xG6AI,1410955981,event,0,0,1,2014-09-17 20:13:00
10000033,gh_df1c4dd83359,oop0Cj9D_uUw9dSpWvxm51JkmhcE,1410965955,event,0,0,1,2014-09-17 22:59:13
10000034,gh_df1c4dd83359,oop0Cj_6-sA_dm_NIbf0EWk1jF4I,1410966175,event,0,0,1,2014-09-17 23:02:54
10000035,gh_df1c4dd83359,oop0CjzOHQ0QQGTvd_sApTOpbj0Y,1410996445,event,0,0,1,2014-09-18 07:27:23
10000036,gh_df1c4dd83359,oop0Cj-kxLk24YuMJz3l4Rd81cmE,1411009761,event,0,0,1,2014-09-18 11:09:19
10000037,gh_df1c4dd83359,oop0Cj1r8mRS4dqf4UwLapPLz9pU,1411139748,event,0,0,1,2014-09-19 23:15:46
10000038,gh_df1c4dd83359,oop0Cj1r8mRS4dqf4UwLapPLz9pU,1411139995,text,6060800128803354333,0,1,2014-09-19 23:19:54
10000039,gh_df1c4dd83359,oop0Cj9D_uUw9dSpWvxm51JkmhcE,1411398225,event,0,0,1,2014-09-22 23:03:35
10000040,gh_df1c4dd83359,oop0CjypO9uppXjCyGQvu371kB9U,1411398799,event,0,0,1,2014-09-22 23:13:09
10000041,gh_df1c4dd83359,oop0Cj859pMm_33UB72XaFaAdFR4,1411419552,event,0,0,1,2014-09-23 04:59:02
10000042,gh_df1c4dd83359,oop0Cj9D_uUw9dSpWvxm51JkmhcE,1411485850,event,0,0,1,2014-09-23 23:23:57
10000043,gh_df1c4dd83359,oop0Cj8u2f8RwxGoFFyGTFJad4k8,1411486167,event,0,0,1,2014-09-23 23:29:15
10000044,gh_df1c4dd83359,oop0CjwU105k0DzW0G3gSHaZJeNU,1411505920,event,0,0,1,2014-09-24 04:58:27
10000045,gh_df1c4dd83359,oop0Cj9D_uUw9dSpWvxm51JkmhcE,1411567972,event,0,0,1,2014-09-24 22:12:38
10000046,gh_df1c4dd83359,oop0Cj1GjvhqpYvpy_d_bwRI6OAk,1411588958,event,0,0,1,2014-09-25 04:02:38
10000047,gh_df1c4dd83359,oop0Cj9D_uUw9dSpWvxm51JkmhcE,1411655021,event,0,0,1,2014-09-25 22:23:39
10000048,gh_df1c4dd83359,oop0CjzwzXQng4VOQ7XBAJjZND-c,1411736123,event,0,0,1,2014-09-26 20:55:20
10000049,gh_df1c4dd83359,oop0Cj4ASjpPgNp7u-9_CU_9-jek,1411736457,event,0,0,1,2014-09-26 21:00:53
10000050,gh_df1c4dd83359,oop0Cj63eLkFTlX32dLsAG1gAsCM,1411804172,event,0,0,1,2014-09-27 15:49:27
10000051,gh_df1c4dd83359,oop0Cj9D_uUw9dSpWvxm51JkmhcE,1411999428,event,0,0,1,2014-09-29 22:03:38
10000052,gh_df1c4dd83359,oop0Cjyc9hwwFl06Yn3JNSHxVsvM,1412084659,event,0,0,1,2014-09-30 21:44:05
10000053,gh_df1c4dd83359,oop0Cjz5njWQcAPtCrnfGL-5sscE,1412206679,event,0,0,1,2014-10-02 07:37:57
10000054,gh_df1c4dd83359,oop0Cj7WWNBI7gzGGkICzqMs6AFc,1412298977,event,0,0,1,2014-10-03 09:16:11
10000055,gh_df1c4dd83359,oop0Cj5Sghu5CM-fM66OGUJiuRuE,1412349168,event,0,0,1,2014-10-03 23:12:41
10000056,gh_df1c4dd83359,oop0CjxnixvHO8iXNgWFbJQJuwBM,1412447498,event,0,0,1,2014-10-05 02:31:27
10000057,gh_df1c4dd83359,oop0CjyyTIfJ5cWBrHg3joCkHbno,1413118973,event,0,0,1,2014-10-12 21:02:24
10000058,gh_df1c4dd83359,oop0Cj3LTuj3lBXNIfHXy1nsXSBw,1413340868,event,0,0,1,2014-10-15 10:41:03
10000059,gh_df1c4dd83359,oop0Cj1FKfgvX0ZrpLbZuMplYkWs,1413365703,event,0,0,1,2014-10-15 17:34:56
10000060,gh_df1c4dd83359,oop0Cj5pEJvUnFHq9meg4K2xG6AI,1413581104,event,0,0,1,2014-10-18 05:24:59
10000061,gh_df1c4dd83359,oop0Cj-acpRSQgn9iNjeHF1ckQGQ,1414294366,event,0,0,1,2014-10-26 11:32:42
10000062,gh_df1c4dd83359,oop0CjyRusumNpkcpOFZ9Eymez98,1414835563,event,0,0,1,2014-11-01 17:52:39
10000063,gh_df1c4dd83359,oop0Cj12LxMJ_okP2QVebjEkFniY,1417004812,event,0,0,1,2014-11-26 20:26:40
10000064,gh_df1c4dd83359,oop0Cj90BxnXycrb5XFzEGXQx4ag,1418958708,event,0,0,1,2014-12-19 11:11:44
10000065,gh_df1c4dd83359,oop0Cjxeal75zr4gOJQ-RJdWZjtY,1419092385,event,0,0,1,2014-12-21 00:19:42
10000066,gh_df1c4dd83359,oop0Cj0Sg9OFlUVcJMh02R9brqlk,1420100306,event,0,0,1,2015-01-01 16:18:17
10000067,gh_df1c4dd83359,oop0Cj-KH3OYhHFkzfqncw9Nq2bA,1420468201,event,0,0,1,2015-01-05 22:29:42
10000068,gh_df1c4dd83359,oop0Cj615wBEwJTLRe95krNBIWGc,1421030212,event,0,0,1,2015-01-12 10:36:51
10000069,gh_df1c4dd83359,oop0Cj791aU7InSaYfOC1Arrv9IQ,1421115945,event,0,0,1,2015-01-13 10:25:41
10000070,gh_df1c4dd83359,oop0Cj791aU7InSaYfOC1Arrv9IQ,1421115955,text,6103646550751286147,0,1,2015-01-13 10:25:51
10000071,gh_df1c4dd83359,oop0Cj791aU7InSaYfOC1Arrv9IQ,1421115965,text,6103646593700959111,0,1,2015-01-13 10:26:01
10000072,gh_df1c4dd83359,oop0Cj791aU7InSaYfOC1Arrv9IQ,1421115990,text,6103646701075141523,0,1,2015-01-13 10:26:27
10000073,gh_df1c4dd83359,oop0Cj1mTYOzKO_3ZKIXVIdiNxxk,1421370235,event,0,0,1,2015-01-16 09:03:54
10000074,gh_df1c4dd83359,oop0Cj-BO5ewW6Km5c-aOqrvhDxw,1421680523,event,0,0,1,2015-01-19 23:15:23
10000075,gh_df1c4dd83359,oop0Cj382j8SZQqJSTsfPq4Lk63k,1421895591,event,0,0,1,2015-01-22 10:59:48
10000076,gh_df1c4dd83359,oop0CjwJcElRpAmLgzDso5rIzSxU,1422118688,event,0,0,1,2015-01-25 00:58:03
10000077,gh_df1c4dd83359,oop0Cj0BjT1TOpWVGW-1HP2qTtDE,1422539229,event,0,0,1,2015-01-29 21:47:02
10000078,gh_df1c4dd83359,oop0Cj5KJOMWA5W_KJwTVhjpxvoA,1422585775,event,0,0,1,2015-01-30 10:42:47
10000079,gh_df1c4dd83359,oop0Cj8u2f8RwxGoFFyGTFJad4k8,1422692557,event,0,0,1,2015-01-31 16:22:26
10000080,gh_df1c4dd83359,oop0Cj938_9Hw4JTuVLmCylNzqHo,1422875778,event,0,0,1,2015-02-02 19:16:01
10000081,gh_df1c4dd83359,oop0CjztRZ8cJTS5MlKEE1RW5P7A,1423301896,event,0,0,1,2015-02-07 17:38:14
10000082,gh_df1c4dd83359,oop0Cj1FKfgvX0ZrpLbZuMplYkWs,1424398743,event,0,0,1,2015-02-20 10:18:40
10000083,gh_df1c4dd83359,oop0Cj7dzYngSNUn_hQpwpm9wiSk,1425809907,event,0,0,1,2015-03-08 18:18:17
10000084,gh_df1c4dd83359,oop0Cj2kAa6TPxtvWwyI4yeq9EzI,1428102522,event,0,0,1,2015-04-04 07:08:19
10000085,gh_df1c4dd83359,oop0Cj-TqAzf7yPL9n_M7udE7S6Y,1429085832,event,0,0,1,2015-04-15 16:16:53
10000086,gh_df1c4dd83359,oop0Cj9KtzP6rJg1V7i7P4BU-JNE,1429783173,event,0,0,1,2015-04-23 17:59:17
10000087,gh_df1c4dd83359,oop0CjwJcElRpAmLgzDso5rIzSxU,1430323944,event,0,0,1,2015-04-30 00:11:52
10000088,gh_df1c4dd83359,oop0Cj6KYoTsH49gFxm4AX8hN4U0,1431514253,event,0,0,1,2015-05-13 18:50:47
10000089,gh_df1c4dd83359,oop0Cj6KYoTsH49gFxm4AX8hN4U0,1431514300,text,6148307102461396658,0,1,2015-05-13 18:51:34
10000090,gh_df1c4dd83359,oop0Cjzw3pHwKmd2fJhVmLZAMcyM,1431865352,event,0,0,1,2015-05-17 20:22:16
10000091,gh_df1c4dd83359,oop0Cj_kegdkPyk3LUoNNdTzkQLg,1431931314,event,0,0,1,2015-05-18 14:41:53
10000092,gh_df1c4dd83359,oop0Cj947Vx9gDZyqjJr0d-d_haU,1432375069,event,0,0,1,2015-05-23 17:57:48
10000093,gh_df1c4dd83359,oop0Cj7WWNBI7gzGGkICzqMs6AFc,1433768793,event,0,0,1,2015-06-08 21:05:54
10000094,gh_df1c4dd83359,oop0Cj8_OS4u2tF-fxten0qxwMGc,1433810721,event,0,0,1,2015-06-09 08:44:41
10000095,gh_df1c4dd83359,oop0Cjyl7wxqJoAvFILYjh4zWJuo,1434004299,event,0,0,1,2015-06-11 14:30:53
10000096,gh_df1c4dd83359,oop0Cj6r_iHEdTGy-p3bbtbnwkCc,1436158303,event,0,0,1,2015-07-06 12:51:39
10000097,gh_df1c4dd83359,oop0Cj6r_iHEdTGy-p3bbtbnwkCc,1436158443,event,0,0,1,2015-07-06 12:53:59
10000098,gh_df1c4dd83359,oop0Cj6x8nbeUJ7B-RDd1dLHl76c,1436319596,event,0,0,1,2015-07-08 09:39:47
10000099,gh_df1c4dd83359,oop0Cj6x8nbeUJ7B-RDd1dLHl76c,1436319707,text,6168946168372269208,0,1,2015-07-08 09:41:38
10000100,gh_df1c4dd83359,oop0CjxhGT7jTsUwx0qb7Luef0NM,1438118520,event,0,0,1,2015-07-29 05:21:11
10000101,gh_df1c4dd83359,oop0Cj43jl35stNUr_Jat-slQ_FA,1444028130,event,0,0,1,2015-10-05 14:55:29
10000102,gh_df1c4dd83359,oop0Cj7pjsMsgn1z6xbqRelr_t0M,1444292985,event,0,0,1,2015-10-08 16:29:36
10000103,gh_df1c4dd83359,oop0Cj7pjsMsgn1z6xbqRelr_t0M,1444293020,text,6203191286949326431,0,1,2015-10-08 16:30:10
10000104,gh_df1c4dd83359,oop0Cj54ZuFdAceLXm_4_CU9GqOw,1446305300,event,0,0,1,2015-10-31 23:27:26
10000105,gh_df1c4dd83359,oop0Cj6r3IvoZFUMSas2f570O7kU,1448184791,event,0,0,1,2015-11-22 17:31:23
10000106,gh_df1c4dd83359,oop0Cj21JunKLdQq3dlVY0jdcwXg,1448861690,event,0,0,1,2015-11-30 13:32:43
10000107,gh_df1c4dd83359,oop0Cj5IXBjMBtMWMyOeaUf8VkEY,1448973750,event,0,0,1,2015-12-01 20:40:20
10000108,gh_df1c4dd83359,oop0Cj-3FMhuVAjJKUnydFZRj-Sw,1449639479,event,0,0,1,2015-12-09 13:35:29
10000109,gh_df1c4dd83359,oop0Cj5HNUx8JaVPkawRa-0O3V1I,1450577879,event,0,0,1,2015-12-20 10:15:03
10000110,gh_df1c4dd83359,oop0Cj54ZuFdAceLXm_4_CU9GqOw,1451799082,event,0,0,1,2016-01-03 13:27:51
10000111,gh_df1c4dd83359,oop0Cj9D_uUw9dSpWvxm51JkmhcE,1452002812,event,0,0,1,2016-01-05 22:03:15
10000112,gh_df1c4dd83359,oop0Cj_68336D31P8jhYYox-F6_M,1452005334,text,6236315423549112161,0,1,2016-01-05 22:45:17
10000113,gh_df1c4dd83359,oop0Cj3GiYsEe0tSc4AHKN3aLuu8,1452008145,event,0,0,1,2016-01-05 23:32:08
10000114,gh_df1c4dd83359,oop0Cj2kAa6TPxtvWwyI4yeq9EzI,1452064050,text,6236567606848870161,0,1,2016-01-06 15:04:01
10000115,gh_df1c4dd83359,oop0CjxK95YBQRcWSPhA3cfMRHH4,1452079175,event,0,0,1,2016-01-06 19:15:56
10000116,gh_df1c4dd83359,oop0CjyX2O6IGmXJtMu2naWN2q_A,1452107860,event,0,0,1,2016-01-07 03:13:59
10000117,gh_df1c4dd83359,oop0CjzF7tbu7lXE5PySMH6P4kSA,1452346043,event,0,0,1,2016-01-09 21:23:36
10000118,gh_df1c4dd83359,oop0CjxhGT7jTsUwx0qb7Luef0NM,1452498830,event,0,0,1,2016-01-11 15:49:58
10000119,gh_df1c4dd83359,oop0Cj9D_uUw9dSpWvxm51JkmhcE,1453298183,event,0,0,1,2016-01-20 21:52:09
10000120,gh_df1c4dd83359,oop0CjzYMpywKx-98IfDEtxz-hhI,1453543769,event,0,0,1,2016-01-23 18:05:08
10000121,gh_df1c4dd83359,oop0Cj4zvgBBf1YwK3gQiaUefj-U,1453557689,event,0,0,1,2016-01-23 21:57:07
10000122,gh_df1c4dd83359,oop0CjwiOMJZ750HWezULFSC7kfY,1453719236,event,0,0,1,2016-01-25 18:49:30
10000123,gh_df1c4dd83359,oop0CjyRusumNpkcpOFZ9Eymez98,1453870401,event,0,0,1,2016-01-27 12:48:50
10000124,gh_df1c4dd83359,oop0Cjy7LDboielzubQSJzTtOKgg,1453993423,event,0,0,1,2016-01-28 22:59:09
10000125,gh_df1c4dd83359,oop0Cjy7-0V6UmcO_JXbiHQeuCWs,1454781866,event,0,0,1,2016-02-07 01:59:29
10000126,gh_df1c4dd83359,oop0CjxofyG4YR7TGUvf7edkgziQ,1455120721,event,0,0,1,2016-02-11 00:06:55
10000127,gh_df1c4dd83359,oop0Cj8os8owjD9OD3j9g7gQrmAM,1455442660,event,0,0,1,2016-02-14 17:32:24
10000128,gh_df1c4dd83359,oop0CjzO_ILgNZwFbS04Ay65A7tQ,1457102477,event,0,0,1,2016-03-04 22:35:25
10000129,gh_df1c4dd83359,oop0Cj9kMBSh-O70Lxw1yMPGRMXk,1457180209,event,0,0,1,2016-03-05 20:10:44
10000130,gh_df1c4dd83359,oop0Cj9kMBSh-O70Lxw1yMPGRMXk,1457180237,text,6258541462694657890,0,1,2016-03-05 20:11:13
10000131,gh_df1c4dd83359,oop0Cj-ctXvKy4FMu161ZLKN3vX4,1457322236,event,0,0,1,2016-03-07 11:37:47
10000132,gh_df1c4dd83359,oop0Cj8qv8krG6LhGWpACD_-KG6E,1457346969,event,0,0,1,2016-03-07 18:29:59
10000133,gh_df1c4dd83359,oop0CjziMs-kzKTKkWyhgSxuv4bg,1457673201,event,0,0,1,2016-03-11 13:07:02
10000134,gh_df1c4dd83359,oop0Cj6x8nbeUJ7B-RDd1dLHl76c,1458015294,event,0,0,1,2016-03-15 12:08:26
10000135,gh_df1c4dd83359,oop0Cj3UQ16o3nniTWpvTYQ92Xc4,1458026219,event,0,0,1,2016-03-15 15:10:31
10000136,gh_df1c4dd83359,oop0Cj6KXsJKHVdDGOlR_YoJ6Y5A,1459130081,event,0,0,1,2016-03-28 09:47:41
10000137,gh_df1c4dd83359,oop0Cj6tegZ57yrWUfiarbSVQM7E,1459419666,event,0,0,1,2016-03-31 18:13:58
10000138,gh_df1c4dd83359,oop0Cj6ypttnGY-br2e_X7nCENe4,1460258817,event,0,0,1,2016-04-10 11:19:25
10000139,gh_df1c4dd83359,oop0Cj1A9oMfbDku8oU8BQrfGefc,1460426828,event,0,0,1,2016-04-12 09:59:31
10000140,gh_df1c4dd83359,oop0Cj2kAa6TPxtvWwyI4yeq9EzI,1460883439,event,0,0,1,2016-04-17 16:49:30
10000141,gh_df1c4dd83359,oop0Cj8E4VTUKrGRYOvMiZyxaQ0I,1461631694,event,0,0,1,2016-04-26 08:40:03
10000142,gh_df1c4dd83359,oop0Cj_EDEjBZ51PpuAz2bIlmvuE,1463086673,event,0,0,1,2016-05-13 04:49:01
10000143,gh_df1c4dd83359,oop0Cj-EevjpAPElXO_vlNkjAbwo,1463396685,event,0,0,1,2016-05-16 18:55:44
10000144,gh_df1c4dd83359,oop0Cj9n4J7_WXveUsJYepyTlCB4,1463814928,event,0,0,1,2016-05-21 15:06:15
10000145,gh_df1c4dd83359,oop0Cj5uBeJ3eGy9ipGne7eWZKk0,1464566459,event,0,0,1,2016-05-30 07:51:24
10000146,gh_df1c4dd83359,oop0Cj2RhE1pHcEI5wlGUy4Fn0JA,1464587479,event,0,0,1,2016-05-30 13:41:43
10000147,gh_df1c4dd83359,oop0Cj2RhE1pHcEI5wlGUy4Fn0JA,1464587583,text,6290355771524628247,0,1,2016-05-30 13:43:27
10000148,gh_df1c4dd83359,oop0CjzwzXQng4VOQ7XBAJjZND-c,1467894782,event,0,0,1,2016-07-07 20:21:51
10000149,gh_df1c4dd83359,oop0Cj-3FMhuVAjJKUnydFZRj-Sw,1467961907,event,0,0,1,2016-07-08 15:00:35
10000150,gh_df1c4dd83359,oop0Cj5sdju438PwhYOEoBg0dOxc,1469041392,event,0,0,1,2016-07-21 02:51:29
10000151,gh_df1c4dd83359,oop0Cj5AdMKah85UV9SpJjgnFMas,1469182173,event,0,0,1,2016-07-22 17:57:47
10000152,gh_df1c4dd83359,oop0Cj3KFOPO-kbVgWpY0j7b5SeU,1472260057,event,0,0,1,2016-08-27 08:54:22
10000153,gh_df1c4dd83359,oop0CjySvvzY4RvVaZhdzKUzRmOI,1472437149,event,0,0,1,2016-08-29 10:05:49
10000154,gh_df1c4dd83359,oop0CjySvvzY4RvVaZhdzKUzRmOI,1472437176,image,6324069516747476134,0,1,2016-08-29 10:06:17
10000155,gh_df1c4dd83359,oop0CjySvvzY4RvVaZhdzKUzRmOI,1472437178,image,6324069525337410728,0,1,2016-08-29 10:06:19
10000156,gh_df1c4dd83359,oop0CjySvvzY4RvVaZhdzKUzRmOI,1472437178,image,6324069525337410729,0,1,2016-08-29 10:06:19
10000157,gh_df1c4dd83359,oop0CjySvvzY4RvVaZhdzKUzRmOI,1472437179,image,6324069529632378028,0,1,2016-08-29 10:06:20
10000158,gh_df1c4dd83359,oop0CjySvvzY4RvVaZhdzKUzRmOI,1472437180,image,6324069533927345326,0,1,2016-08-29 10:06:21
10000159,gh_df1c4dd83359,oop0CjySvvzY4RvVaZhdzKUzRmOI,1472437181,image,6324069538222312624,0,1,2016-08-29 10:06:22
10000160,gh_df1c4dd83359,oop0CjySvvzY4RvVaZhdzKUzRmOI,1472437182,image,6324069542517279922,0,1,2016-08-29 10:06:23
10000161,gh_df1c4dd83359,oop0CjySvvzY4RvVaZhdzKUzRmOI,1472437183,image,6324069546812247220,0,1,2016-08-29 10:06:24
10000162,gh_df1c4dd83359,oop0CjySvvzY4RvVaZhdzKUzRmOI,1472437184,image,6324069551107214517,0,1,2016-08-29 10:06:25
10000163,gh_df1c4dd83359,oop0CjySvvzY4RvVaZhdzKUzRmOI,1472437213,image,6324069675661266111,0,1,2016-08-29 10:06:54
10000164,gh_df1c4dd83359,oop0CjySvvzY4RvVaZhdzKUzRmOI,1472437214,image,6324069679956233408,0,1,2016-08-29 10:06:55
10000165,gh_df1c4dd83359,oop0CjySvvzY4RvVaZhdzKUzRmOI,1472437215,image,6324069684251200706,0,1,2016-08-29 10:06:55
10000166,gh_df1c4dd83359,oop0CjySvvzY4RvVaZhdzKUzRmOI,1472437215,image,6324069684251200708,0,1,2016-08-29 10:06:56
10000167,gh_df1c4dd83359,oop0CjySvvzY4RvVaZhdzKUzRmOI,1472437216,image,6324069688546168007,0,1,2016-08-29 10:06:57
10000168,gh_df1c4dd83359,oop0CjySvvzY4RvVaZhdzKUzRmOI,1472437217,image,6324069692841135305,0,1,2016-08-29 10:06:58
10000169,gh_df1c4dd83359,oop0CjySvvzY4RvVaZhdzKUzRmOI,1472437218,image,6324069697136102603,0,1,2016-08-29 10:06:58
10000170,gh_df1c4dd83359,oop0CjySvvzY4RvVaZhdzKUzRmOI,1472437226,image,6324069731495840973,0,1,2016-08-29 10:07:06
10000171,gh_df1c4dd83359,oop0Cj9KeEy_Hd16FtkKbYI8ohrg,1473055956,event,0,0,1,2016-09-05 13:58:58
10000172,gh_df1c4dd83359,oop0Cj176CyX3YNem9gggVMIUkmI,1473727740,event,0,0,1,2016-09-13 08:35:04
10000173,gh_df1c4dd83359,oop0Cj1A9oMfbDku8oU8BQrfGefc,1473897279,event,0,0,1,2016-09-15 07:40:37
10000174,gh_df1c4dd83359,oop0Cj7qfdwJrmy1inkGaEB85P9U,1474847272,event,0,0,1,2016-09-26 07:33:23
10000175,gh_df1c4dd83359,oop0CjySvvzY4RvVaZhdzKUzRmOI,1475839233,image,6338681240301930104,0,1,2016-10-07 19:05:37
10000176,gh_df1c4dd83359,oop0CjySvvzY4RvVaZhdzKUzRmOI,1475839234,image,6338681244596897402,0,1,2016-10-07 19:05:38
10000177,gh_df1c4dd83359,oop0CjySvvzY4RvVaZhdzKUzRmOI,1475839235,image,6338681248891864700,0,1,2016-10-07 19:05:39
10000178,gh_df1c4dd83359,oop0Cj21JunKLdQq3dlVY0jdcwXg,1476188457,event,0,0,1,2016-10-11 20:05:50
10000179,gh_df1c4dd83359,oop0Cj4fk6J-LwlBNZd5nN99xbhg,1476257655,event,0,0,1,2016-10-12 15:19:07
10000180,gh_df1c4dd83359,oop0Cjwic4Te0A5mV3i4of-cBxmI,1476774854,event,0,0,1,2016-10-18 14:58:50
10000181,gh_df1c4dd83359,oop0Cjwic4Te0A5mV3i4of-cBxmI,1476774875,text,6342699792092792066,0,1,2016-10-18 14:59:11
10000182,gh_df1c4dd83359,oop0Cj3HK_8CNasJvyDorMKObzcw,1477318320,event,0,0,1,2016-10-24 21:56:21
10000183,gh_df1c4dd83359,oop0Cj3HK_8CNasJvyDorMKObzcw,1477318343,event,0,0,1,2016-10-24 21:56:44
10000184,gh_df1c4dd83359,oop0CjxVDBlA-WAUdAetrRSYLtyw,1479306765,event,0,0,1,2016-11-16 22:16:09
10000185,gh_df1c4dd83359,oop0Cj_0wgh5CY1Nz0RWU-Mwg9rw,1484343852,event,0,0,1,2017-01-14 05:25:11
10000186,gh_df1c4dd83359,oop0Cj3KFOPO-kbVgWpY0j7b5SeU,1484713556,text,6376796167362655399,0,1,2017-01-18 12:06:44
10000187,gh_df1c4dd83359,oop0Cj5waD8ZHiFdfThh_mHGDh_w,1484981209,event,0,0,1,2017-01-21 14:27:29
10000188,gh_df1c4dd83359,oop0Cj88oIe8eqAxc4sa5O-pIhww,1485342071,event,0,0,1,2017-01-25 18:41:41
10000189,gh_df1c4dd83359,oop0Cj859pMm_33UB72XaFaAdFR4,1487478307,event,0,0,1,2017-02-19 12:04:35
10000190,gh_df1c4dd83359,oop0CjzO_ILgNZwFbS04Ay65A7tQ,1488600513,event,0,0,1,2017-03-04 11:47:28
10000191,gh_df1c4dd83359,oop0Cj-EevjpAPElXO_vlNkjAbwo,1489048301,event,0,0,1,2017-03-09 16:10:23
10000192,gh_df1c4dd83359,oop0CjziMs-kzKTKkWyhgSxuv4bg,1489247044,event,0,0,1,2017-03-11 23:22:41
